2516	100 Jahre VHS
2590	3D-Druck
2275	A1
2276	A2
2227	Access
2475	Achtsamkeit
2447	Acrylmalerei
2591	Adobe
2592	Affinity
2722	Afrikaans
2189	Afrikanischer Tanz
2602	AgilesArbeiten
2163	Akt
2473	Alexandertechnik
2706	Alleskönner:in
2561	Alltagskompetenzen
2017	Alphabetisierung
2065	Altersvorsorge
1943	Altgriechisch
2463	Amharisch
2026	Andere Länder
2050	Angst
2593	Animation
2449	Aquarellmalerei
1910	Arabisch
2282	ARBEIT-BERUF-EDV
1900	Arbeitslose
2283	Arbeitstechniken
2460	Aserbaidschanisch
2125	Atelier
2386	Atemarbeit
2582	Äthiopisch
2245	Audiobearbeitung
2845	Auf Arabisch
2517	Auf Englisch
2533	Auf Französisch
2520	Auf Italienisch
2844	Auf Portugiesisch
2850	Auf Russisch
2518	Auf Spanisch
2262	Aufbaukurs
1917	Auffrischung
2681	Augentraining
2327	Ausbildung der Ausbilder:innen
2347	Ausdruck
1821	Ausstellung
2115	Autobiografie
2387	Autogenes Training
2149	Autorenlesung
2277	B1
2278	B2
2395	Backen
2191	Ballett
2729	Bambara
2686	Basisküche
2558	Baskisch
2676	Beckenbodengymnastik
2583	Belarussisch
2731	Belgisches Deutsch
2846	Bengalisch
2346	Beratung
2034	Berlin
1822	BERUF
2603	Berufssprache
2292	Betriebswirtschaft
2178	Bewegungstheater
2308	Bewerbungstraining
2051	Beziehung
2035	Bezirke
2544	BigBlueButton
2293	Bilanzierung
2093	Bildbearbeitung
2172	Bildhauerei
2420	Bildungsprämie
2843	Bildungszeit
2027	Biographien
2484	Blended Learning
2553	Blended-Learning-Kurs
2704	BNE
2069	Boden
2672	Boxen/Kickboxen
2580	Brasilianisches Portugiesisch
2150	Buchbesprechung
2294	Buchführung
2519	Bühne
1935	Bulgarisch
2284	Bürokompetenzen
2250	C#
2251	C++
2279	C1
2280	C2
2237	Cad
2007	Cambridge BEC
2001	Cambridge CAE
2002	Cambridge CPE
2000	Cambridge FCE
1999	Cambridge PET
1936	Chinesisch
2423	Cms
2211	Computer-Einführungskurs
2295	Controlling
2259	Css
1937	Dänisch
2594	Data Science
2226	Datenbankverwaltung
2217	Datensicherheit
2028	DDR
2467	DELE
1996	DELF
2083	Demokratieerziehung
2272	Deutsch
2271	Deutsch Fremdsprache
2546	Deutsch Leichte Sprache
2498	Deutsche Geschichte
2036	Deutschland
2501	Deutschland von allen Zeiten
2092	Digitale Fotografie
2563	Digitale Grundbildung
2014	Diploma Intermedio
2015	Diploma Superior
2572	Diversität
2438	Dolmetschen
2117	Drehbuch
2158	Druckgrafik
2238	Dtp
2432	DTZ
2210	EDV
2459	Ehrenamt
2441	Einbürgerung
2419	Einbürgerungstest
2263	eLearning
2461	Eltern
1902	Eltern und Kinder
2499	Elternakademie
2020	Elterntraining
1939	Englisch
2309	Entscheidungstraining
2388	ENTSPANNUNG
2410	Erkrankungen
2396	ERNÄHRUNG
2412	Ernährungsberatung
2151	Erzählwerkstatt
2021	Erziehung
2584	Esperanto
2421	Estnisch
2040	Ethik
2037	Europa
2688	Europäische Küche
2705	Europäischer Tag der Sprachen
2579	Europäisches Portugiesisch
2135	Eventmanagement
2229	Excel
2132	Existenzgründung
1824	Exkursion
2348	Fachsprache
2851	Familiensprache
2094	Farbfotografie
2733	Färöisch
2389	Feldenkrais
1826	Ferienkurs
2107	Fernsehen
2162	Figur
1919	FILM
2099	Filmbesprechungen
2354	Filmgeschichte
2355	Filmproduktion
2356	Filmschauspiel
2297	Finanzwirtschaft
1940	Finnisch
2585	Finnlandschwedisch
2375	Fitnessgymnastik
2674	Fitnesstanz
2201	Flamenco
2552	Flexikurs
2365	Floristik
2193	Folkloretanz
2136	Förderung
2349	Formulieren
2137	Fortbildung
2089	FOTO
2526	Fragen auf Arabisch
2707	Fragen auf Chinesisch
2840	Fragen auf Deutsch
2521	Fragen auf Englisch
2524	Fragen auf Franzoesisch
2714	Fragen auf Griechisch
2717	Fragen auf Hebräisch
2523	Fragen auf Italienisch
2732	Fragen auf Japanisch
2718	Fragen auf Kroatisch
2849	Fragen auf Kurdisch
2709	Fragen auf Niederländisch
2710	Fragen auf Persisch
2708	Fragen auf Polnisch
2711	Fragen auf Portugiesisch
2712	Fragen auf Rumänisch
2527	Fragen auf Russisch
2713	Fragen auf Schwedisch
2719	Fragen auf Serbisch
2522	Fragen auf Spanisch
2525	Fragen auf Tuerkisch
2720	Fragen auf Ukrainisch
2528	Fragen auf Vietnamesisch
1941	Französisch
1903	Frauen
2693	Friesisch
2847	Frühstück
1827	Führung
2310	Führungstechniken
2604	FUTURE SKILLS
2698	Galicisch
2859	Gaming
2070	Garten
1994	Gebärdensprache
2052	Gedächtnis
2029	Gedenkstätten
2492	Geflüchtetenkurs
2066	Geldanlage
2084	Gender
2085	Generationen
2715	Georgisch
2839	Gering literalisiert
2358	Gesang
2030	GESCHICHTE
2031	Geschichte vor 1900
2195	Gesellschaftstanz
2311	Gesprächsführung
2153	Gesprächskreis
2345	GESUNDHEIT
2408	Gesundheitspflege
2471	Gesundheitswoche
2086	Gewaltprävention
2110	Goldschmieden
2239	Grafik
2167	Grafikdesign
1920	Grammatik
2734	Grönländisch
2497	GRUNDBILDUNG
2264	Grundlagen
2586	Guarani
2376	GYMNASTIK
2854	Haketia
2218	Hardware
2298	Hausverwaltung
1944	Hebräisch
2411	Heilmethoden
2545	Hindi
2198	Hip Hop
2196	Historischer Tanz
2678	Hockergymnastik
2109	Holzgestaltung
2118	Hörspiel
2469	Hörverstehen
2258	Html
2554	Hybridkurs
2462	Ich-beweg-mich
2692	Ido
1997	IELTS
2179	Improvisationstheater
1945	Indonesisch
2359	Instrumentalunterricht
1416	Integrationskurse
1828	Intensivkurs
2312	Interkulturelle Kompetenz
2087	Interkulturelles
2689	Internationale Küche
2213	Internet
2216	Internethandel
2587	Irisch-Gälisch
2417	Isländisch
2595	IT-Administration
1946	Italienisch
1947	Japanisch
2252	Java
2197	Jazz Dance
2559	Jiddisch
2428	JLPTN2
2011	JLPTN3
2012	JLPTN4
2119	Journalismus
1904	Jugendliche
2703	Junge VHS
2673	Kampfsport/Selbstverteidigung
2581	Kantonesisch
2852	Kapverdisch
2313	Karriereplanung
2453	Katalanisch
2611	Kaufmann:frau für Büromanagement
2612	Kaufmännische Berufe
2173	Keramik
2596	KI
2180	Kleinkunst
2532	Klima
2700	KMU
1921	Kochen
2687	Kochen für Kids und Jugendliche
2053	Kommunikation
1829	Kompaktkurs
2054	Konfliktbewältigung
2315	Konfliktmanagement
1922	Konversation
2204	Konzertbesuch
2694	Koptisch
1950	Koreanisch
2299	Kostenrechnung
2415	Krankenkassenförderung
2409	Krankenpflege
2685	Kräuterküche
2120	Kreatives Schreiben
2316	Kreativitätstraining
2853	Kriolu
2274	Kroatisch
2267	KULTUR
2286	Kulturmanagement
2510	Kultursommer
1924	Kunst- und Kulturgeschichte
2108	KUNSTHANDWERK
2209	Künstlerische Berufe
2127	Kunsttheorie
2458	Kurdisch
2588	Ladino
2038	LÄNDERKUNDE
1925	Landeskunde
2071	Landschaftsgestaltung
1952	Latein
2199	Lateinamerikanischer Tanz
2166	Layout
2005	LCCI
2465	Leben in Deutschland
2072	Lebensräume
2478	Leichte Sprache
2023	Lernen
2340	Lerntechniken
2152	Lesekreis
2341	Lesen
2470	Leseverstehen
2371	Lettisch
2219	Linux
1954	Litauisch
1926	LITERATUR
2300	Lohn
2223	Mac OS
2156	MALEN
2168	Maltechniken
2668	Maltesisch
2134	Management
1906	Männer
2138	Marketing
2390	Massage
2342	Mathematik
2477	Mauern
2056	Mediation
1927	MEDIEN
2103	Mediendesign
2860	Medienpaedagogik
2474	Meditation
2670	Mehrsprachenkurs
1901	Menschen mit Behinderung
2562	Menschen mit geringer Literalisierung
2174	Metallplastik
1907	Migrant:innen
2366	Mode
2364	Moderationstechniken
2192	Modern Dance
2549	Moodle
2248	Multimedia
2128	Museum
1928	MUSIK
2360	Musikgeschichte
2361	Musiktheorie
2391	Muskelentspannung
2372	Mütter-Elternkurs
2701	Nachhaltigkeit
2367	Nähen
2032	Nationalsozialismus
2073	Naturschutz
2221	Netzwerke
1942	Neugriechisch
2605	NewWork
2841	Niederdeutsch
1956	Niederländisch
2057	NLP
2403	Nordic Walking
1957	Norwegisch
2140	Öffentlichkeitsarbeit
2235	Office
2448	Ölmalerei
2483	Online Learning
2555	Online-Kurs
2557	Online-Vortrag
2529	Onlinekurs
2205	Opernbesuch
2606	Organisationsentwicklung
2190	Orientalischer Tanz
2373	Orientierungskurs
2855	Oromo
2476	Outdoor
2230	Outlook
2024	PÄDAGOGIK
2362	PaF
2112	Papierkunst
2074	Park
2058	Partnerschaft
1958	Persisch
2302	Personalentwicklung
2288	Personalmanagement
2413	Personalwirtschaft
2667	Perspektive Europa
2075	Pflanzen
2610	Pflegeberufe
2041	Philosophie
2016	Phonetik
2378	Pilates
2171	PLASTISCHES GESTALTEN
2842	Plattdeutsch
2597	Podcast
2048	POLITIK
2515	Politik aktuell
2265	POLITIK-GESELLSCHAFT-UMWELT
1959	Polnisch
2164	Portrait
1960	Portugiesisch
2232	Powerpoint
2231	Präsentation
2551	Präsenzkurs
2139	Pressearbeit
2105	Printmedien
2253	Programmierung
2679	Progressive Muskelentspannung
2143	Projektmanagement
1830	Prüfungstermin
1831	Prüfungstraining
2059	PSYCHOLOGIE
2418	Psychosoziale Kompetenz
2181	Puppentheater
2598	Python
2392	Qi Gong
2696	Queer
2857	R
2451	Raku
2214	Recherche
2343	Rechnen
2303	RECHNUNGSWESEN
2067	Recht
1929	Rechtschreibung
1832	Reise
2042	Religion
2043	Religionen
2682	Resilienz
2113	Restaurieren
2060	Rhetorik
2669	Romani
2677	Rückbildungsgymnastik
2404	Rückenschule
2380	Rückentraining
1961	Rumänisch
2106	Rundfunk
1962	Russisch
2444	Salsa
2589	Samisch
2381	Sanfte Gymnastik
2244	Sap
2177	SCHAUSPIEL
2680	Schlafgesundheit
2690	Schlesisch
2320	SCHLÜSSELQUALIFIKATIONEN
2111	Schmuck
2368	Schneidern
2488	Schnittkonstruktion
2507	Schöffen
2114	SCHREIBEN
2025	Schule
2095	Schwarz-Weiss-Fotografie
1963	Schwedisch
2671	Schwimmen
2061	Selbstbehauptung
2062	Selbsterfahrung
2063	Selbsthilfe
2556	Selbstlernkurs
1908	Senior:innen
2437	Serbisch
2222	Server
2730	Shughni
2427	Slowakisch
2697	Slowenisch
2599	Smartphone
2600	Socialmedia
2856	Somali
2699	Sommerflat
2439	Sommerkurs
2450	Sonstige Maltechniken
1833	Sonstiges
2574	Sorbisch
2088	Soziale Gerechtigkeit
1966	Spanisch
2382	Spezialgymnastik
2270	SPRACHEN
1930	Sprachreise
2018	Sprachtest
2185	Sprecherziehung
2858	SQL
2076	Stadt
2446	Stadt-Land-Natur
2033	Stadtteilgeschichte
2325	Stenografie
2200	Stepptanz
2305	Steuerrecht
2184	Stimmbildung
2472	Stimme
2064	Stress
2607	Stressmanagement
2489	Stricken Häkeln
2429	Superlearning
2273	Swahili
2608	Systemische Methoden
2121	Szenisches Schreiben
2228	Tabellenkalkulation
2723	Tadschikisch
2393	Tai Ji Quan
2862	Talentcampus
2443	Tango
2188	TANZ
2202	Tanzimprovisation
2203	Tanztheater
2326	Tastschreiben
2322	Teamtraining
1995	TELC
2003	TELC Business
2004	TELC Hotel
2008	TELC Profession
2281	TELC Technic
2675	Tennis
2452	TestDaF
2369	TEXTILGESTALTUNG
2233	Textverarbeitung
1968	Thai
2269	THEATER
2206	Theaterbesuch
2186	Theatergewerke
2357	Thematische Fotografie
2077	Tiere
2695	Tigrinisch
1998	TOEFL
2006	TOEIC
2716	TOPIK
2609	Train-the-Trainer
1969	Tschechisch
1970	Türkisch
1931	Übersetzen
2485	Ukrainisch
2266	UMWELT
2078	Umweltschutz
1971	Ungarisch
1932	Urlaub
2255	Vba
2683	Vegan
2684	Vegetarisch
2466	Veränderungen
1834	Veranstaltung
2431	Veranstaltungskalender
2068	Verbraucherschutz
2514	Verbraucherzentrale
2323	Verhandlungstraining
2324	Verkaufstraining
2548	vhs-Lernportal
2512	vhs.cloud
2721	vhs4you
1933	Video
2247	Videobearbeitung
1972	Vietnamesisch
2601	VirtualReality
2493	Visionen
2254	Visual Basic
2691	Volapük
2487	Vorbereitung Kunsthochschule
2187	Vorbereitung Schauspielschule
2155	Vorlesen
1835	Vortrag
2154	Vortragen
2079	Wald
2383	Walking
2081	Wasser
2384	Wassergymnastik
2422	Web 2.0
2261	Webdesign
2260	Webeditoren
2424	Webgrafik
2508	Webinar
2426	WEBSEITENGESTALTUNG
2224	Webserver
2039	Welt
2141	Werbung
2307	Wertpapiere
2082	Wiese
2225	Windows
2385	Wirbelsäulengymnastik
2363	Wirtschaftsübersetzer IHK
2511	Wochenendkurs
2234	Word
2194	World Dance
1934	Wortschatz
2338	Xpert
2724	XPERT-Business
2726	XPERT-CCS
2728	XPERT-CP
2727	XPERT-DCP
2725	XPERT-PBS
2394	Yoga
2352	Zeichensetzung
2169	Zeichentechniken
2157	ZEICHNEN
2291	Zeitmanagement
2353	Zertifikat Deutsch
2571	Zusammen in Vielfalt
2504	Zweitschriftlernerkurs